Loan_ID,Married,Dependents,Education,Gender,Self_Employed,Property_Area,ApplicantIncome,CoapplicantIncome,LoanAmount,Loan_Amount_Term,Credit_History,Loan_Status
LP001002,No,0,Graduate,Male,No,Urban,5849,0,,360,1,Y
LP001003,Yes,1,Graduate,Male,No,Rural,4583,1508,128,360,1,N
LP001005,Yes,0,Graduate,Male,Yes,Urban,3000,0,66,360,1,Y
LP001006,Yes,0,Not Graduate,Male,No,Urban,2583,2358,120,360,1,Y
LP001008,No,0,Graduate,Male,No,Urban,6000,0,141,360,1,Y
LP001011,Yes,2,Graduate,Male,Yes,Urban,5417,4196,267,360,1,Y
LP001013,Yes,0,Not Graduate,Male,No,Urban,2333,1516,95,360,1,Y
LP001014,Yes,3+,Graduate,Male,No,Semiurban,3036,2504,158,360,0,N
LP001018,Yes,2,Graduate,Male,No,Urban,4006,1526,168,360,1,Y
LP001020,Yes,1,Graduate,Male,No,Semiurban,12841,10968,349,360,1,N
LP001024,Yes,2,Graduate,Male,No,Urban,3200,700,70,360,1,Y
LP001027,Yes,2,Graduate,Male,,Urban,2500,1840,109,360,1,Y
LP001028,Yes,2,Graduate,Male,No,Urban,3073,8106,200,360,1,Y
LP001029,No,0,Graduate,Male,No,Rural,1853,2840,114,360,1,N
LP001030,Yes,2,Graduate,Male,No,Urban,1299,1086,17,120,1,Y
LP001032,No,0,Graduate,Male,No,Urban,4950,0,125,360,1,Y
LP001034,No,1,Not Graduate,Male,No,Urban,3596,0,100,240,,Y
LP001036,No,0,Graduate,Female,No,Urban,3510,0,76,360,0,N
LP001038,Yes,0,Not Graduate,Male,No,Rural,4887,0,133,360,1,N
LP001041,Yes,0,Graduate,Male,,Urban,2600,3500,115,,1,Y
LP001043,Yes,0,Not Graduate,Male,No,Urban,7660,0,104,360,0,N
LP001046,Yes,1,Graduate,Male,No,Urban,5955,5625,315,360,1,Y
LP001047,Yes,0,Not Graduate,Male,No,Semiurban,2600,1911,116,360,0,N
LP001050,Yes,2,Not Graduate,,No,Rural,3365,1917,112,360,0,N
LP001052,Yes,1,Graduate,Male,,Semiurban,3717,2925,151,360,,N
LP001066,Yes,0,Graduate,Male,Yes,Semiurban,9560,0,191,360,1,Y
LP001068,Yes,0,Graduate,Male,No,Semiurban,2799,2253,122,360,1,Y
LP001073,Yes,2,Not Graduate,Male,No,Urban,4226,1040,110,360,1,Y
LP001086,No,0,Not Graduate,Male,No,Urban,1442,0,35,360,1,N
LP001087,No,2,Graduate,Female,,Semiurban,3750,2083,120,360,1,Y
LP001091,Yes,1,Graduate,Male,,Urban,4166,3369,201,360,,N
LP001095,No,0,Graduate,Male,No,Urban,3167,0,74,360,1,N
LP001097,No,1,Graduate,Male,Yes,Rural,4692,0,106,360,1,N
LP001098,Yes,0,Graduate,Male,No,Semiurban,3500,1667,114,360,1,Y
LP001100,No,3+,Graduate,Male,No,Rural,12500,3000,320,360,1,N
LP001106,Yes,0,Graduate,Male,No,Urban,2275,2067,,360,1,Y
LP001109,Yes,0,Graduate,Male,No,Urban,1828,1330,100,,0,N
LP001112,Yes,0,Graduate,Female,No,Semiurban,3667,1459,144,360,1,Y
LP001114,No,0,Graduate,Male,No,Urban,4166,7210,184,360,1,Y
LP001116,No,0,Not Graduate,Male,No,Semiurban,3748,1668,110,360,1,Y
LP001119,No,0,Graduate,Male,No,Urban,3600,0,80,360,1,N
LP001120,No,0,Graduate,Male,No,Urban,1800,1213,47,360,1,Y
LP001123,Yes,0,Graduate,Male,No,Urban,2400,0,75,360,,Y
LP001131,Yes,0,Graduate,Male,No,Semiurban,3941,2336,134,360,1,Y
LP001136,Yes,0,Not Graduate,Male,Yes,Urban,4695,0,96,,1,Y
LP001137,No,0,Graduate,Female,No,Urban,3410,0,88,,1,Y
LP001138,Yes,1,Graduate,Male,No,Urban,5649,0,44,360,1,Y
LP001144,Yes,0,Graduate,Male,No,Urban,5821,0,144,360,1,Y
LP001146,Yes,0,Graduate,Female,No,Urban,2645,3440,120,360,0,N
LP001151,No,0,Graduate,Female,No,Semiurban,4000,2275,144,360,1,Y
LP001155,Yes,0,Not Graduate,Female,No,Semiurban,1928,1644,100,360,1,Y
LP001157,No,0,Graduate,Female,No,Semiurban,3086,0,120,360,1,Y
LP001164,No,0,Graduate,Female,No,Semiurban,4230,0,112,360,1,N
LP001179,Yes,2,Graduate,Male,No,Urban,4616,0,134,360,1,N
LP001186,Yes,1,Graduate,Female,Yes,Urban,11500,0,286,360,0,N
LP001194,Yes,2,Graduate,Male,No,Semiurban,2708,1167,97,360,1,Y
LP001195,Yes,0,Graduate,Male,No,Semiurban,2132,1591,96,360,1,Y
LP001197,Yes,0,Graduate,Male,No,Rural,3366,2200,135,360,1,N
LP001198,Yes,1,Graduate,Male,No,Urban,8080,2250,180,360,1,Y
LP001199,Yes,2,Not Graduate,Male,No,Urban,3357,2859,144,360,1,Y
LP001205,Yes,0,Graduate,Male,No,Urban,2500,3796,120,360,1,Y
LP001206,Yes,3+,Graduate,Male,No,Urban,3029,0,99,360,1,Y
LP001207,Yes,0,Not Graduate,Male,Yes,Rural,2609,3449,165,180,0,N
LP001213,Yes,1,Graduate,Male,No,Rural,4945,0,,360,0,N
LP001222,No,0,Graduate,Female,No,Semiurban,4166,0,116,360,0,N
LP001225,Yes,0,Graduate,Male,No,Semiurban,5726,4595,258,360,1,N
LP001228,No,0,Not Graduate,Male,No,Urban,3200,2254,126,180,0,N
LP001233,Yes,1,Graduate,Male,No,Urban,10750,0,312,360,1,Y
LP001238,Yes,3+,Not Graduate,Male,Yes,Urban,7100,0,125,60,1,Y
LP001241,No,0,Graduate,Female,No,Semiurban,4300,0,136,360,0,N
LP001243,Yes,0,Graduate,Male,No,Urban,3208,3066,172,360,1,Y
LP001245,Yes,2,Not Graduate,Male,Yes,Semiurban,1875,1875,97,360,1,Y
LP001248,No,0,Graduate,Male,No,Semiurban,3500,0,81,300,1,Y
LP001250,Yes,3+,Not Graduate,Male,No,Semiurban,4755,0,95,,0,N
LP001253,Yes,3+,Graduate,Male,Yes,Semiurban,5266,1774,187,360,1,Y
LP001255,No,0,Graduate,Male,No,Urban,3750,0,113,480,1,N
LP001256,No,0,Graduate,Male,No,Urban,3750,4750,176,360,1,N
LP001259,Yes,1,Graduate,Male,Yes,Urban,1000,3022,110,360,1,N
LP001263,Yes,3+,Graduate,Male,No,Semiurban,3167,4000,180,300,0,N
LP001264,Yes,3+,Not Graduate,Male,Yes,Semiurban,3333,2166,130,360,,Y
LP001265,No,0,Graduate,Female,No,Semiurban,3846,0,111,360,1,Y
LP001266,Yes,1,Graduate,Male,Yes,Semiurban,2395,0,,360,1,Y
LP001267,Yes,2,Graduate,Female,No,Urban,1378,1881,167,360,1,N
LP001273,Yes,0,Graduate,Male,No,Semiurban,6000,2250,265,360,,N
LP001275,Yes,1,Graduate,Male,No,Urban,3988,0,50,240,1,Y
LP001279,No,0,Graduate,Male,No,Semiurban,2366,2531,136,360,1,Y
LP001280,Yes,2,Not Graduate,Male,No,Semiurban,3333,2000,99,360,,Y
LP001282,Yes,0,Graduate,Male,No,Semiurban,2500,2118,104,360,1,Y
LP001289,No,0,Graduate,Male,No,Urban,8566,0,210,360,1,Y
LP001310,Yes,0,Graduate,Male,No,Semiurban,5695,4167,175,360,1,Y
LP001316,Yes,0,Graduate,Male,No,Semiurban,2958,2900,131,360,1,Y
LP001318,Yes,2,Graduate,Male,No,Semiurban,6250,5654,188,180,1,Y
LP001319,Yes,2,Not Graduate,Male,No,Urban,3273,1820,81,360,1,Y
LP001322,No,0,Graduate,Male,No,Semiurban,4133,0,122,360,1,Y
LP001325,No,0,Not Graduate,Male,No,Semiurban,3620,0,25,120,1,Y
LP001326,No,0,Graduate,Male,,Urban,6782,0,,360,,N
LP001327,Yes,0,Graduate,Female,No,Semiurban,2484,2302,137,360,1,Y
LP001333,Yes,0,Graduate,Male,No,Semiurban,1977,997,50,360,1,Y
LP001334,Yes,0,Not Graduate,Male,No,Semiurban,4188,0,115,180,1,Y
LP001343,Yes,0,Graduate,Male,No,Semiurban,1759,3541,131,360,1,Y
LP001345,Yes,2,Not Graduate,Male,No,Urban,4288,3263,133,180,1,Y
LP001349,No,0,Graduate,Male,No,Semiurban,4843,3806,151,360,1,Y
LP001350,Yes,,Graduate,Male,No,Urban,13650,0,,360,1,Y
LP001356,Yes,0,Graduate,Male,No,Semiurban,4652,3583,,360,1,Y
LP001357,,,Graduate,Male,No,Urban,3816,754,160,360,1,Y
LP001367,Yes,1,Graduate,Male,No,Urban,3052,1030,100,360,1,Y
LP001369,Yes,2,Graduate,Male,No,Urban,11417,1126,225,360,1,Y
LP001370,No,0,Not Graduate,Male,,Rural,7333,0,120,360,1,N
LP001379,Yes,2,Graduate,Male,No,Urban,3800,3600,216,360,0,N
LP001384,Yes,3+,Not Graduate,Male,No,Semiurban,2071,754,94,480,1,Y
LP001385,No,0,Graduate,Male,No,Urban,5316,0,136,360,1,Y
LP001387,Yes,0,Graduate,Female,,Semiurban,2929,2333,139,360,1,Y
LP001391,Yes,0,Not Graduate,Male,No,Rural,3572,4114,152,,0,N
LP001392,No,1,Graduate,Female,Yes,Semiurban,7451,0,,360,1,Y
LP001398,No,0,Graduate,Male,,Semiurban,5050,0,118,360,1,Y
LP001401,Yes,1,Graduate,Male,No,Rural,14583,0,185,180,1,Y
LP001404,Yes,0,Graduate,Female,No,Semiurban,3167,2283,154,360,1,Y
LP001405,Yes,1,Graduate,Male,No,Urban,2214,1398,85,360,,Y
LP001421,Yes,0,Graduate,Male,No,Rural,5568,2142,175,360,1,N
LP001422,No,0,Graduate,Female,No,Urban,10408,0,259,360,1,Y
LP001426,Yes,,Graduate,Male,No,Rural,5667,2667,180,360,1,Y
LP001430,No,0,Graduate,Female,No,Semiurban,4166,0,44,360,1,Y
LP001431,No,0,Graduate,Female,No,Semiurban,2137,8980,137,360,0,Y
LP001432,Yes,2,Graduate,Male,No,Semiurban,2957,0,81,360,1,Y
LP001439,Yes,0,Not Graduate,Male,No,Rural,4300,2014,194,360,1,Y
LP001443,No,0,Graduate,Female,No,Rural,3692,0,93,360,,Y
LP001448,Yes,3+,Graduate,,No,Rural,23803,0,370,360,1,Y
LP001449,No,0,Graduate,Male,No,Rural,3865,1640,,360,1,Y
LP001451,Yes,1,Graduate,Male,Yes,Urban,10513,3850,160,180,0,N
LP001465,Yes,0,Graduate,Male,No,Rural,6080,2569,182,360,,N
LP001469,No,0,Graduate,Male,Yes,Urban,20166,0,650,480,,Y
LP001473,No,0,Graduate,Male,No,Urban,2014,1929,74,360,1,Y
LP001478,No,0,Graduate,Male,No,Semiurban,2718,0,70,360,1,Y
LP001482,Yes,0,Graduate,Male,Yes,Semiurban,3459,0,25,120,1,Y
LP001487,No,0,Graduate,Male,No,Semiurban,4895,0,102,360,1,Y
LP001488,Yes,3+,Graduate,Male,No,Semiurban,4000,7750,290,360,1,N
LP001489,Yes,0,Graduate,Female,No,Rural,4583,0,84,360,1,N
LP001491,Yes,2,Graduate,Male,Yes,Urban,3316,3500,88,360,1,Y
LP001492,No,0,Graduate,Male,No,Semiurban,14999,0,242,360,0,N
LP001493,Yes,2,Not Graduate,Male,No,Rural,4200,1430,129,360,1,N
LP001497,Yes,2,Graduate,Male,No,Rural,5042,2083,185,360,1,N
LP001498,No,0,Graduate,Male,No,Urban,5417,0,168,360,1,Y
LP001504,No,0,Graduate,Male,Yes,Semiurban,6950,0,175,180,1,Y
LP001507,Yes,0,Graduate,Male,No,Semiurban,2698,2034,122,360,1,Y
LP001508,Yes,2,Graduate,Male,No,Urban,11757,0,187,180,1,Y
LP001514,Yes,0,Graduate,Female,No,Semiurban,2330,4486,100,360,1,Y
LP001516,Yes,2,Graduate,Female,No,Urban,14866,0,70,360,1,Y
LP001518,Yes,1,Graduate,Male,No,Urban,1538,1425,30,360,1,Y
LP001519,No,0,Graduate,Female,No,Rural,10000,1666,225,360,1,N
LP001520,Yes,0,Graduate,Male,No,Semiurban,4860,830,125,360,1,Y
LP001528,No,0,Graduate,Male,No,Rural,6277,0,118,360,0,N
LP001529,Yes,0,Graduate,Male,Yes,Rural,2577,3750,152,360,1,Y
LP001531,No,0,Graduate,Male,No,Urban,9166,0,244,360,1,N
LP001532,Yes,2,Not Graduate,Male,No,Rural,2281,0,113,360,1,N
LP001535,No,0,Graduate,Male,No,Urban,3254,0,50,360,1,Y
LP001536,Yes,3+,Graduate,Male,No,Semiurban,39999,0,600,180,0,Y
LP001541,Yes,1,Graduate,Male,No,Rural,6000,0,160,360,,Y
LP001543,Yes,1,Graduate,Male,No,Urban,9538,0,187,360,1,Y
LP001546,No,0,Graduate,Male,,Rural,2980,2083,120,360,1,Y
LP001552,Yes,0,Graduate,Male,No,Semiurban,4583,5625,255,360,1,Y
LP001560,Yes,0,Not Graduate,Male,No,Semiurban,1863,1041,98,360,1,Y
LP001562,Yes,0,Graduate,Male,No,Urban,7933,0,275,360,1,N
LP001565,Yes,1,Graduate,Male,No,Semiurban,3089,1280,121,360,0,N
LP001570,Yes,2,Graduate,Male,No,Rural,4167,1447,158,360,1,Y
LP001572,Yes,0,Graduate,Male,No,Urban,9323,0,75,180,1,Y
LP001574,Yes,0,Graduate,Male,No,Rural,3707,3166,182,,1,Y
LP001577,Yes,0,Graduate,Female,No,Rural,4583,0,112,360,1,N
LP001578,Yes,0,Graduate,Male,No,Rural,2439,3333,129,360,1,Y
LP001579,No,0,Graduate,Male,No,Semiurban,2237,0,63,480,0,N
LP001580,Yes,2,Graduate,Male,No,Semiurban,8000,0,200,360,1,Y
LP001581,Yes,0,Not Graduate,Male,,Rural,1820,1769,95,360,1,Y
LP001585,Yes,3+,Graduate,,No,Urban,51763,0,700,300,1,Y
LP001586,Yes,3+,Not Graduate,Male,No,Rural,3522,0,81,180,1,N
LP001594,Yes,0,Graduate,Male,No,Semiurban,5708,5625,187,360,1,Y
LP001603,Yes,0,Not Graduate,Male,Yes,Semiurban,4344,736,87,360,1,N
LP001606,Yes,0,Graduate,Male,No,Rural,3497,1964,116,360,1,Y
LP001608,Yes,2,Graduate,Male,No,Rural,2045,1619,101,360,1,Y
LP001610,Yes,3+,Graduate,Male,No,Semiurban,5516,11300,495,360,0,N
LP001616,Yes,1,Graduate,Male,No,Semiurban,3750,0,116,360,1,Y
LP001630,No,0,Not Graduate,Male,No,Urban,2333,1451,102,480,0,N
LP001633,Yes,1,Graduate,Male,No,Urban,6400,7250,180,360,0,N
LP001634,No,0,Graduate,Male,No,Rural,1916,5063,67,360,,N
LP001636,Yes,0,Graduate,Male,No,Semiurban,4600,0,73,180,1,Y
LP001637,Yes,1,Graduate,Male,No,Semiurban,33846,0,260,360,1,N
LP001639,Yes,0,Graduate,Female,No,Semiurban,3625,0,108,360,1,Y
LP001640,Yes,0,Graduate,Male,Yes,Semiurban,39147,4750,120,360,1,Y
LP001641,Yes,1,Graduate,Male,Yes,Rural,2178,0,66,300,0,N
LP001643,Yes,0,Graduate,Male,No,Rural,2383,2138,58,360,,Y
LP001644,Yes,0,Graduate,,Yes,Rural,674,5296,168,360,1,Y
LP001647,Yes,0,Graduate,Male,No,Rural,9328,0,188,180,1,Y
LP001653,No,0,Not Graduate,Male,No,Rural,4885,0,48,360,1,Y
LP001656,No,0,Graduate,Male,No,Semiurban,12000,0,164,360,1,N
LP001657,Yes,0,Not Graduate,Male,No,Urban,6033,0,160,360,1,N
LP001658,No,0,Graduate,Male,No,Semiurban,3858,0,76,360,1,Y
LP001664,No,0,Graduate,Male,No,Rural,4191,0,120,360,1,Y
LP001665,Yes,1,Graduate,Male,No,Semiurban,3125,2583,170,360,1,N
LP001666,No,0,Graduate,Male,No,Rural,8333,3750,187,360,1,Y
LP001669,No,0,Not Graduate,Female,No,Urban,1907,2365,120,,1,Y
LP001671,Yes,0,Graduate,Female,No,Semiurban,3416,2816,113,360,,Y
LP001673,No,0,Graduate,Male,Yes,Urban,11000,0,83,360,1,N
LP001674,Yes,1,Not Graduate,Male,No,Semiurban,2600,2500,90,360,1,Y
LP001677,No,2,Graduate,Male,No,Semiurban,4923,0,166,360,0,Y
LP001682,Yes,3+,Not Graduate,Male,No,Urban,3992,0,,180,1,N
LP001688,Yes,1,Not Graduate,Male,No,Urban,3500,1083,135,360,1,Y
LP001691,Yes,2,Not Graduate,Male,No,Semiurban,3917,0,124,360,1,Y
LP001692,No,0,Not Graduate,Female,No,Semiurban,4408,0,120,360,1,Y
LP001693,No,0,Graduate,Female,No,Urban,3244,0,80,360,1,Y
LP001698,No,0,Not Graduate,Male,No,Rural,3975,2531,55,360,1,Y
LP001699,No,0,Graduate,Male,No,Urban,2479,0,59,360,1,Y
LP001702,No,0,Graduate,Male,No,Semiurban,3418,0,127,360,1,N
LP001708,No,0,Graduate,Female,No,Semiurban,10000,0,214,360,1,N
LP001711,Yes,3+,Graduate,Male,No,Semiurban,3430,1250,128,360,0,N
LP001713,Yes,1,Graduate,Male,Yes,Urban,7787,0,240,360,1,Y
LP001715,Yes,3+,Not Graduate,Male,Yes,Rural,5703,0,130,360,1,Y
LP001716,Yes,0,Graduate,Male,No,Urban,3173,3021,137,360,1,Y
LP001720,Yes,3+,Not Graduate,Male,No,Semiurban,3850,983,100,360,1,Y
LP001722,Yes,0,Graduate,Male,No,Rural,150,1800,135,360,1,N
LP001726,Yes,0,Graduate,Male,No,Semiurban,3727,1775,131,360,1,Y
LP001732,Yes,2,Graduate,Male,,Semiurban,5000,0,72,360,0,N
LP001734,Yes,2,Graduate,Female,No,Semiurban,4283,2383,127,360,,Y
LP001736,Yes,0,Graduate,Male,No,Urban,2221,0,60,360,0,N
LP001743,Yes,2,Graduate,Male,No,Semiurban,4009,1717,116,360,1,Y
LP001744,No,0,Graduate,Male,No,Semiurban,2971,2791,144,360,1,Y
LP001749,Yes,0,Graduate,Male,No,Semiurban,7578,1010,175,,1,Y
LP001750,Yes,0,Graduate,Male,No,Semiurban,6250,0,128,360,1,Y
LP001751,Yes,0,Graduate,Male,No,Rural,3250,0,170,360,1,N
LP001754,Yes,,Not Graduate,Male,Yes,Urban,4735,0,138,360,1,N
LP001758,Yes,2,Graduate,Male,No,Semiurban,6250,1695,210,360,1,Y
LP001760,,,Graduate,Male,No,Semiurban,4758,0,158,480,1,Y
LP001761,No,0,Graduate,Male,Yes,Rural,6400,0,200,360,1,Y
LP001765,Yes,1,Graduate,Male,No,Semiurban,2491,2054,104,360,1,Y
LP001768,Yes,0,Graduate,Male,,Rural,3716,0,42,180,1,Y
LP001770,No,0,Not Graduate,Male,No,Rural,3189,2598,120,,1,Y
LP001776,No,0,Graduate,Female,No,Semiurban,8333,0,280,360,1,Y
LP001778,Yes,1,Graduate,Male,No,Semiurban,3155,1779,140,360,1,Y
LP001784,Yes,1,Graduate,Male,No,Rural,5500,1260,170,360,1,Y
LP001786,Yes,0,Graduate,Male,,Urban,5746,0,255,360,,N
LP001788,No,0,Graduate,Female,Yes,Urban,3463,0,122,360,,Y
LP001790,No,1,Graduate,Female,No,Rural,3812,0,112,360,1,Y
LP001792,Yes,1,Graduate,Male,No,Semiurban,3315,0,96,360,1,Y
LP001798,Yes,2,Graduate,Male,No,Rural,5819,5000,120,360,1,Y
LP001800,Yes,1,Not Graduate,Male,No,Urban,2510,1983,140,180,1,N
LP001806,No,0,Graduate,Male,No,Urban,2965,5701,155,60,1,Y
LP001807,Yes,2,Graduate,Male,Yes,Rural,6250,1300,108,360,1,Y
LP001811,Yes,0,Not Graduate,Male,No,Semiurban,3406,4417,123,360,1,Y
LP001813,No,0,Graduate,Male,Yes,Urban,6050,4333,120,180,1,N
LP001814,Yes,2,Graduate,Male,No,Urban,9703,0,112,360,1,Y
LP001819,Yes,1,Not Graduate,Male,No,Urban,6608,0,137,180,1,Y
LP001824,Yes,1,Graduate,Male,No,Semiurban,2882,1843,123,480,1,Y
LP001825,Yes,0,Graduate,Male,No,Urban,1809,1868,90,360,1,Y
LP001835,Yes,0,Not Graduate,Male,No,Semiurban,1668,3890,201,360,0,N
LP001836,No,2,Graduate,Female,No,Urban,3427,0,138,360,1,N
LP001841,No,0,Not Graduate,Male,Yes,Rural,2583,2167,104,360,1,Y
LP001843,Yes,1,Not Graduate,Male,No,Semiurban,2661,7101,279,180,1,Y
LP001844,No,0,Graduate,Male,Yes,Urban,16250,0,192,360,0,N
LP001846,No,3+,Graduate,Female,No,Rural,3083,0,255,360,1,Y
LP001849,No,0,Not Graduate,Male,No,Rural,6045,0,115,360,0,N
LP001854,Yes,3+,Graduate,Male,No,Urban,5250,0,94,360,1,N
LP001859,Yes,0,Graduate,Male,No,Rural,14683,2100,304,360,1,N
LP001864,Yes,3+,Not Graduate,Male,No,Semiurban,4931,0,128,360,,N
LP001865,Yes,1,Graduate,Male,No,Urban,6083,4250,330,360,,Y
LP001868,No,0,Graduate,Male,No,Semiurban,2060,2209,134,360,1,Y
LP001870,No,1,Graduate,Female,No,Semiurban,3481,0,155,36,1,N
LP001871,No,0,Graduate,Female,No,Rural,7200,0,120,360,1,Y
LP001872,No,0,Graduate,Male,Yes,Semiurban,5166,0,128,360,1,Y
LP001875,No,0,Graduate,Male,No,Rural,4095,3447,151,360,1,Y
LP001877,Yes,2,Graduate,Male,No,Semiurban,4708,1387,150,360,1,Y
LP001882,Yes,3+,Graduate,Male,No,Urban,4333,1811,160,360,0,Y
LP001883,No,0,Graduate,Female,,Rural,3418,0,135,360,1,N
LP001884,No,1,Graduate,Female,No,Urban,2876,1560,90,360,1,Y
LP001888,No,0,Graduate,Female,No,Urban,3237,0,30,360,1,Y
LP001891,Yes,0,Graduate,Male,No,Urban,11146,0,136,360,1,Y
LP001892,No,0,Graduate,Male,No,Rural,2833,1857,126,360,1,Y
LP001894,Yes,0,Graduate,Male,No,Semiurban,2620,2223,150,360,1,Y
LP001896,Yes,2,Graduate,Male,No,Semiurban,3900,0,90,360,1,Y
LP001900,Yes,1,Graduate,Male,No,Semiurban,2750,1842,115,360,1,Y
LP001903,Yes,0,Graduate,Male,No,Semiurban,3993,3274,207,360,1,Y
LP001904,Yes,0,Graduate,Male,No,Urban,3103,1300,80,360,1,Y
LP001907,Yes,0,Graduate,Male,No,Semiurban,14583,0,436,360,1,Y
LP001908,Yes,0,Not Graduate,Female,No,Rural,4100,0,124,360,,Y
LP001910,No,1,Not Graduate,Male,Yes,Urban,4053,2426,158,360,0,N
LP001914,Yes,0,Graduate,Male,No,Semiurban,3927,800,112,360,1,Y
LP001915,Yes,2,Graduate,Male,No,Urban,2301,985.7999878,78,180,1,Y
LP001917,No,0,Graduate,Female,No,Urban,1811,1666,54,360,1,Y
LP001922,Yes,0,Graduate,Male,No,Rural,20667,0,,360,1,N
LP001924,No,0,Graduate,Male,No,Rural,3158,3053,89,360,1,Y
LP001925,No,0,Graduate,Female,Yes,Semiurban,2600,1717,99,300,1,N
LP001926,Yes,0,Graduate,Male,No,Rural,3704,2000,120,360,1,Y
LP001931,No,0,Graduate,Female,No,Semiurban,4124,0,115,360,1,Y
LP001935,No,0,Graduate,Male,No,Rural,9508,0,187,360,1,Y
LP001936,Yes,0,Graduate,Male,No,Rural,3075,2416,139,360,1,Y
LP001938,Yes,2,Graduate,Male,No,Semiurban,4400,0,127,360,0,N
LP001940,Yes,2,Graduate,Male,No,Urban,3153,1560,134,360,1,Y
LP001945,No,,Graduate,Female,No,Urban,5417,0,143,480,0,N
LP001947,Yes,0,Graduate,Male,No,Semiurban,2383,3334,172,360,1,Y
LP001949,Yes,3+,Graduate,Male,,Urban,4416,1250,110,360,1,Y
LP001953,Yes,1,Graduate,Male,No,Semiurban,6875,0,200,360,1,Y
LP001954,Yes,1,Graduate,Female,No,Urban,4666,0,135,360,1,Y
LP001955,No,0,Graduate,Female,No,Rural,5000,2541,151,480,1,N
LP001963,Yes,1,Graduate,Male,No,Urban,2014,2925,113,360,1,N
LP001964,Yes,0,Not Graduate,Male,No,Urban,1800,2934,93,360,0,N
LP001972,Yes,,Not Graduate,Male,No,Semiurban,2875,1750,105,360,1,Y
LP001974,No,0,Graduate,Female,No,Rural,5000,0,132,360,1,Y
LP001977,Yes,1,Graduate,Male,No,Urban,1625,1803,96,360,1,Y
LP001978,No,0,Graduate,Male,No,Rural,4000,2500,140,360,1,Y
LP001990,No,0,Not Graduate,Male,No,Urban,2000,0,,360,1,N
LP001993,No,0,Graduate,Female,No,Rural,3762,1666,135,360,1,Y
LP001994,No,0,Graduate,Female,No,Urban,2400,1863,104,360,0,N
LP001996,No,0,Graduate,Male,No,Rural,20233,0,480,360,1,N
LP001998,Yes,2,Not Graduate,Male,No,Rural,7667,0,185,360,,Y
LP002002,No,0,Graduate,Female,No,Semiurban,2917,0,84,360,1,Y
LP002004,No,0,Not Graduate,Male,No,Semiurban,2927,2405,111,360,1,Y
LP002006,No,0,Graduate,Female,No,Rural,2507,0,56,360,1,Y
LP002008,Yes,2,Graduate,Male,Yes,Rural,5746,0,144,84,,Y
LP002024,Yes,0,Graduate,,No,Rural,2473,1843,159,360,1,N
LP002031,Yes,1,Not Graduate,Male,No,Urban,3399,1640,111,180,1,Y
LP002035,Yes,2,Graduate,Male,No,Semiurban,3717,0,120,360,1,Y
LP002036,Yes,0,Graduate,Male,No,Urban,2058,2134,88,360,,Y
LP002043,No,1,Graduate,Female,No,Semiurban,3541,0,112,360,,Y
LP002050,Yes,1,Graduate,Male,Yes,Rural,10000,0,155,360,1,N
LP002051,Yes,0,Graduate,Male,No,Semiurban,2400,2167,115,360,1,Y
LP002053,Yes,3+,Graduate,Male,No,Semiurban,4342,189,124,360,1,Y
LP002054,Yes,2,Not Graduate,Male,No,Rural,3601,1590,,360,1,Y
LP002055,No,0,Graduate,Female,No,Rural,3166,2985,132,360,,Y
LP002065,Yes,3+,Graduate,Male,No,Rural,15000,0,300,360,1,Y
LP002067,Yes,1,Graduate,Male,Yes,Rural,8666,4983,376,360,0,N
LP002068,No,0,Graduate,Male,No,Rural,4917,0,130,360,0,Y
LP002082,Yes,0,Graduate,Male,Yes,Semiurban,5818,2160,184,360,1,Y
LP002086,Yes,0,Graduate,Female,No,Urban,4333,2451,110,360,1,N
LP002087,No,0,Graduate,Female,No,Urban,2500,0,67,360,1,Y
LP002097,No,1,Graduate,Male,No,Urban,4384,1793,117,360,1,Y
LP002098,No,0,Graduate,Male,No,Semiurban,2935,0,98,360,1,Y
LP002100,No,,Graduate,Male,No,Urban,2833,0,71,360,1,Y
LP002101,Yes,0,Graduate,Male,,Urban,63337,0,490,180,1,Y
LP002103,Yes,1,Graduate,,Yes,Urban,9833,1833,182,180,1,Y
LP002106,Yes,,Graduate,Male,Yes,Semiurban,5503,4490,70,,1,Y
LP002110,Yes,1,Graduate,Male,,Rural,5250,688,160,360,1,Y
LP002112,Yes,2,Graduate,Male,Yes,Rural,2500,4600,176,360,1,Y
LP002113,No,3+,Not Graduate,Female,No,Urban,1830,0,,360,0,N
LP002114,No,0,Graduate,Female,No,Semiurban,4160,0,71,360,1,Y
LP002115,Yes,3+,Not Graduate,Male,No,Rural,2647,1587,173,360,1,N
LP002116,No,0,Graduate,Female,No,Rural,2378,0,46,360,1,N
LP002119,Yes,1,Not Graduate,Male,No,Urban,4554,1229,158,360,1,Y
LP002126,Yes,3+,Not Graduate,Male,No,Semiurban,3173,0,74,360,1,Y
LP002128,Yes,2,Graduate,Male,,Rural,2583,2330,125,360,1,Y
LP002129,Yes,0,Graduate,Male,No,Semiurban,2499,2458,160,360,1,Y
LP002130,Yes,,Not Graduate,Male,No,Rural,3523,3230,152,360,0,N
LP002131,Yes,2,Not Graduate,Male,No,Urban,3083,2168,126,360,1,Y
LP002137,Yes,0,Graduate,Male,No,Semiurban,6333,4583,259,360,,Y
LP002138,Yes,0,Graduate,Male,No,Rural,2625,6250,187,360,1,Y
LP002139,Yes,0,Graduate,Male,No,Semiurban,9083,0,228,360,1,Y
LP002140,No,0,Graduate,Male,No,Rural,8750,4167,308,360,1,N
LP002141,Yes,3+,Graduate,Male,No,Rural,2666,2083,95,360,1,Y
LP002142,Yes,0,Graduate,Female,Yes,Rural,5500,0,105,360,0,N
LP002143,Yes,0,Graduate,Female,No,Semiurban,2423,505,130,360,1,Y
LP002144,No,,Graduate,Female,No,Urban,3813,0,116,180,1,Y
LP002149,Yes,2,Graduate,Male,No,Rural,8333,3167,165,360,1,Y
LP002151,Yes,1,Graduate,Male,No,Urban,3875,0,67,360,1,N
LP002158,Yes,0,Not Graduate,Male,No,Urban,3000,1666,100,480,0,N
LP002160,Yes,3+,Graduate,Male,No,Semiurban,5167,3167,200,360,1,Y
LP002161,No,1,Graduate,Female,No,Semiurban,4723,0,81,360,1,N
LP002170,Yes,2,Graduate,Male,No,Semiurban,5000,3667,236,360,1,Y
LP002175,Yes,0,Graduate,Male,No,Urban,4750,2333,130,360,1,Y
LP002178,Yes,0,Graduate,Male,No,Urban,3013,3033,95,300,,Y
LP002180,No,0,Graduate,Male,Yes,Rural,6822,0,141,360,1,Y
LP002181,No,0,Not Graduate,Male,No,Rural,6216,0,133,360,1,N
LP002187,No,0,Graduate,Male,No,Semiurban,2500,0,96,480,1,N
LP002188,No,0,Graduate,Male,No,Rural,5124,0,124,,0,N
LP002190,Yes,1,Graduate,Male,No,Semiurban,6325,0,175,360,1,Y
LP002191,Yes,0,Graduate,Male,No,Rural,19730,5266,570,360,1,N
LP002194,No,0,Graduate,Female,Yes,Semiurban,15759,0,55,360,1,Y
LP002197,Yes,2,Graduate,Male,No,Semiurban,5185,0,155,360,1,Y
LP002201,Yes,2,Graduate,Male,Yes,Rural,9323,7873,380,300,1,Y
LP002205,No,1,Graduate,Male,No,Urban,3062,1987,111,180,0,N
LP002209,No,0,Graduate,Female,,Urban,2764,1459,110,360,1,Y
LP002211,Yes,0,Graduate,Male,No,Urban,4817,923,120,180,1,Y
LP002219,Yes,3+,Graduate,Male,No,Rural,8750,4996,130,360,1,Y
LP002223,Yes,0,Graduate,Male,No,Semiurban,4310,0,130,360,,Y
LP002224,No,0,Graduate,Male,No,Urban,3069,0,71,480,1,N
LP002225,Yes,2,Graduate,Male,No,Urban,5391,0,130,360,1,Y
LP002226,Yes,0,Graduate,Male,,Semiurban,3333,2500,128,360,1,Y
LP002229,No,0,Graduate,Male,No,Semiurban,5941,4232,296,360,1,Y
LP002231,No,0,Graduate,Female,No,Urban,6000,0,156,360,1,Y
LP002234,No,0,Graduate,Male,Yes,Urban,7167,0,128,360,1,Y
LP002236,Yes,2,Graduate,Male,No,Urban,4566,0,100,360,1,N
LP002237,No,1,Graduate,Male,,Urban,3667,0,113,180,1,Y
LP002239,No,0,Not Graduate,Male,No,Semiurban,2346,1600,132,360,1,Y
LP002243,Yes,0,Not Graduate,Male,No,Urban,3010,3136,,360,0,N
LP002244,Yes,0,Graduate,Male,No,Urban,2333,2417,136,360,1,Y
LP002250,Yes,0,Graduate,Male,No,Rural,5488,0,125,360,1,Y
LP002255,No,3+,Graduate,Male,No,Rural,9167,0,185,360,1,Y
LP002262,Yes,3+,Graduate,Male,No,Rural,9504,0,275,360,1,Y
LP002263,Yes,0,Graduate,Male,No,Urban,2583,2115,120,360,,Y
LP002265,Yes,2,Not Graduate,Male,No,Semiurban,1993,1625,113,180,1,Y
LP002266,Yes,2,Graduate,Male,No,Urban,3100,1400,113,360,1,Y
LP002272,Yes,2,Graduate,Male,No,Semiurban,3276,484,135,360,,Y
LP002277,No,0,Graduate,Female,No,Urban,3180,0,71,360,0,N
LP002281,Yes,0,Graduate,Male,No,Urban,3033,1459,95,360,1,Y
LP002284,No,0,Not Graduate,Male,No,Rural,3902,1666,109,360,1,Y
LP002287,No,0,Graduate,Female,No,Semiurban,1500,1800,103,360,0,N
LP002288,Yes,2,Not Graduate,Male,No,Urban,2889,0,45,180,0,N
LP002296,No,0,Not Graduate,Male,No,Rural,2755,0,65,300,1,N
LP002297,No,0,Graduate,Male,No,Semiurban,2500,20000,103,360,1,Y
LP002300,No,0,Not Graduate,Female,No,Semiurban,1963,0,53,360,1,Y
LP002301,No,0,Graduate,Female,Yes,Rural,7441,0,194,360,1,N
LP002305,No,0,Graduate,Female,No,Semiurban,4547,0,115,360,1,Y
LP002308,Yes,0,Not Graduate,Male,No,Urban,2167,2400,115,360,1,Y
LP002314,No,0,Not Graduate,Female,No,Rural,2213,0,66,360,1,Y
LP002315,Yes,1,Graduate,Male,No,Semiurban,8300,0,152,300,0,N
LP002317,Yes,3+,Graduate,Male,No,Rural,81000,0,360,360,0,N
LP002318,No,1,Not Graduate,Female,Yes,Semiurban,3867,0,62,360,1,N
LP002319,Yes,0,Graduate,Male,,Urban,6256,0,160,360,,Y
LP002328,Yes,0,Not Graduate,Male,No,Rural,6096,0,218,360,0,N
LP002332,Yes,0,Not Graduate,Male,No,Rural,2253,2033,110,360,1,Y
LP002335,Yes,0,Not Graduate,Female,No,Semiurban,2149,3237,178,360,0,N
LP002337,No,0,Graduate,Female,No,Urban,2995,0,60,360,1,Y
LP002341,No,1,Graduate,Female,No,Urban,2600,0,160,360,1,N
LP002342,Yes,2,Graduate,Male,Yes,Urban,1600,20000,239,360,1,N
LP002345,Yes,0,Graduate,Male,No,Rural,1025,2773,112,360,1,Y
LP002347,Yes,0,Graduate,Male,No,Semiurban,3246,1417,138,360,1,Y
LP002348,Yes,0,Graduate,Male,No,Rural,5829,0,138,360,1,Y
LP002357,No,0,Not Graduate,Female,No,Urban,2720,0,80,,0,N
LP002361,Yes,0,Graduate,Male,No,Urban,1820,1719,100,360,1,Y
LP002362,Yes,1,Graduate,Male,No,Urban,7250,1667,110,,0,N
LP002364,Yes,0,Graduate,Male,No,Semiurban,14880,0,96,360,1,Y
LP002366,Yes,0,Graduate,Male,No,Rural,2666,4300,121,360,1,Y
LP002367,No,1,Not Graduate,Female,No,Rural,4606,0,81,360,1,N
LP002368,Yes,2,Graduate,Male,No,Semiurban,5935,0,133,360,1,Y
LP002369,Yes,0,Graduate,Male,No,Rural,2920,16.12000084,87,360,1,Y
LP002370,No,0,Not Graduate,Male,No,Urban,2717,0,60,180,1,Y
LP002377,No,1,Graduate,Female,Yes,Semiurban,8624,0,150,360,1,Y
LP002379,No,0,Graduate,Male,No,Rural,6500,0,105,360,0,N
LP002386,No,0,Graduate,Male,,Semiurban,12876,0,405,360,1,Y
LP002387,Yes,0,Graduate,Male,No,Semiurban,2425,2340,143,360,1,Y
LP002390,No,0,Graduate,Male,No,Urban,3750,0,100,360,1,Y
LP002393,,,Graduate,Female,No,Semiurban,10047,0,,240,1,Y
LP002398,No,0,Graduate,Male,No,Semiurban,1926,1851,50,360,1,Y
LP002401,Yes,0,Graduate,Male,No,Urban,2213,1125,,360,1,Y
LP002403,No,0,Graduate,Male,Yes,Urban,10416,0,187,360,0,N
LP002407,Yes,0,Not Graduate,Female,Yes,Rural,7142,0,138,360,1,Y
LP002408,No,0,Graduate,Male,No,Semiurban,3660,5064,187,360,1,Y
LP002409,Yes,0,Graduate,Male,No,Rural,7901,1833,180,360,1,Y
LP002418,No,3+,Not Graduate,Male,No,Semiurban,4707,1993,148,360,1,Y
LP002422,No,1,Graduate,Male,No,Semiurban,37719,0,152,360,1,Y
LP002424,Yes,0,Graduate,Male,No,Rural,7333,8333,175,300,,Y
LP002429,Yes,1,Graduate,Male,Yes,Rural,3466,1210,130,360,1,Y
LP002434,Yes,2,Not Graduate,Male,No,Rural,4652,0,110,360,1,Y
LP002435,Yes,0,Graduate,Male,,Rural,3539,1376,55,360,1,N
LP002443,Yes,2,Graduate,Male,No,Rural,3340,1710,150,360,0,N
LP002444,No,1,Not Graduate,Male,Yes,Semiurban,2769,1542,190,360,,N
LP002446,Yes,2,Not Graduate,Male,No,Rural,2309,1255,125,360,0,N
LP002447,Yes,2,Not Graduate,Male,No,Urban,1958,1456,60,300,,Y
LP002448,Yes,0,Graduate,Male,No,Rural,3948,1733,149,360,0,N
LP002449,Yes,0,Graduate,Male,No,Rural,2483,2466,90,180,0,Y
LP002453,No,0,Graduate,Male,Yes,Semiurban,7085,0,84,360,1,Y
LP002455,Yes,2,Graduate,Male,No,Semiurban,3859,0,96,360,1,Y
LP002459,Yes,0,Graduate,Male,No,Urban,4301,0,118,360,1,Y
LP002467,Yes,0,Graduate,Male,No,Urban,3708,2569,173,360,1,N
LP002472,No,2,Graduate,Male,No,Rural,4354,0,136,360,1,Y
LP002473,Yes,0,Graduate,Male,No,Semiurban,8334,0,160,360,1,N
LP002478,Yes,0,Graduate,,Yes,Semiurban,2083,4083,160,360,,Y
LP002484,Yes,3+,Graduate,Male,No,Urban,7740,0,128,180,1,Y
LP002487,Yes,0,Graduate,Male,No,Rural,3015,2188,153,360,1,Y
LP002489,No,1,Not Graduate,Female,,Semiurban,5191,0,132,360,1,Y
LP002493,No,0,Graduate,Male,No,Semiurban,4166,0,98,360,0,N
LP002494,No,0,Graduate,Male,No,Rural,6000,0,140,360,1,Y
LP002500,Yes,3+,Not Graduate,Male,No,Urban,2947,1664,70,180,0,N
LP002501,Yes,0,Graduate,,No,Semiurban,16692,0,110,360,1,Y
LP002502,Yes,2,Not Graduate,Female,,Semiurban,210,2917,98,360,1,Y
LP002505,Yes,0,Graduate,Male,No,Urban,4333,2451,110,360,1,N
LP002515,Yes,1,Graduate,Male,Yes,Semiurban,3450,2079,162,360,1,Y
LP002517,Yes,1,Not Graduate,Male,No,Rural,2653,1500,113,180,0,N
LP002519,Yes,3+,Graduate,Male,No,Semiurban,4691,0,100,360,1,Y
LP002522,No,0,Graduate,Female,Yes,Urban,2500,0,93,360,,Y
LP002524,No,2,Graduate,Male,No,Rural,5532,4648,162,360,1,Y
LP002527,Yes,2,Graduate,Male,Yes,Rural,16525,1014,150,360,1,Y
LP002529,Yes,2,Graduate,Male,No,Semiurban,6700,1750,230,300,1,Y
LP002530,Yes,2,Graduate,,No,Semiurban,2873,1872,132,360,0,N
LP002531,Yes,1,Graduate,Male,Yes,Semiurban,16667,2250,86,360,1,Y
LP002533,Yes,2,Graduate,Male,No,Urban,2947,1603,,360,1,N
LP002534,No,0,Not Graduate,Female,No,Rural,4350,0,154,360,1,Y
LP002536,Yes,3+,Not Graduate,Male,No,Rural,3095,0,113,360,1,Y
LP002537,Yes,0,Graduate,Male,No,Semiurban,2083,3150,128,360,1,Y
LP002541,Yes,0,Graduate,Male,No,Semiurban,10833,0,234,360,1,Y
LP002543,Yes,2,Graduate,Male,No,Semiurban,8333,0,246,360,1,Y
LP002544,Yes,1,Not Graduate,Male,No,Rural,1958,2436,131,360,1,Y
LP002545,No,2,Graduate,Male,No,Rural,3547,0,80,360,0,N
LP002547,Yes,1,Graduate,Male,No,Urban,18333,0,500,360,1,N
LP002555,Yes,2,Graduate,Male,Yes,Semiurban,4583,2083,160,360,1,Y
LP002556,No,0,Graduate,Male,No,Urban,2435,0,75,360,1,N
LP002560,No,0,Not Graduate,Male,No,Semiurban,2699,2785,96,360,,Y
LP002562,Yes,1,Not Graduate,Male,No,Urban,5333,1131,186,360,,Y
LP002571,No,0,Not Graduate,Male,No,Rural,3691,0,110,360,1,Y
LP002582,No,0,Not Graduate,Female,Yes,Semiurban,17263,0,225,360,1,Y
LP002585,Yes,0,Graduate,Male,No,Rural,3597,2157,119,360,0,N
LP002586,Yes,1,Graduate,Female,No,Semiurban,3326,913,105,84,1,Y
LP002587,Yes,0,Not Graduate,Male,No,Rural,2600,1700,107,360,1,Y
LP002588,Yes,0,Graduate,Male,No,Urban,4625,2857,111,12,,Y
LP002600,Yes,1,Graduate,Male,Yes,Semiurban,2895,0,95,360,1,Y
LP002602,No,0,Graduate,Male,No,Rural,6283,4416,209,360,0,N
LP002603,No,0,Graduate,Female,No,Rural,645,3683,113,480,1,Y
LP002606,No,0,Graduate,Female,No,Semiurban,3159,0,100,360,1,Y
LP002615,Yes,2,Graduate,Male,No,Semiurban,4865,5624,208,360,1,Y
LP002618,Yes,1,Not Graduate,Male,No,Rural,4050,5302,138,360,,N
LP002619,Yes,0,Not Graduate,Male,No,Semiurban,3814,1483,124,300,1,Y
LP002622,Yes,2,Graduate,Male,No,Rural,3510,4416,243,360,1,Y
LP002624,Yes,0,Graduate,Male,No,Urban,20833,6667,480,360,,Y
LP002625,No,0,Graduate,,No,Urban,3583,0,96,360,1,N
LP002626,Yes,0,Graduate,Male,Yes,Urban,2479,3013,188,360,1,Y
LP002634,No,1,Graduate,Female,No,Urban,13262,0,40,360,1,Y
LP002637,No,0,Not Graduate,Male,No,Rural,3598,1287,100,360,1,N
LP002640,Yes,1,Graduate,Male,No,Semiurban,6065,2004,250,360,1,Y
LP002643,Yes,2,Graduate,Male,No,Urban,3283,2035,148,360,1,Y
LP002648,Yes,0,Graduate,Male,No,Semiurban,2130,6666,70,180,1,N
LP002652,No,0,Graduate,Male,No,Rural,5815,3666,311,360,1,N
LP002659,Yes,3+,Graduate,Male,No,Rural,3466,3428,150,360,1,Y
LP002670,Yes,2,Graduate,Female,No,Semiurban,2031,1632,113,480,1,Y
LP002682,Yes,,Not Graduate,Male,No,Semiurban,3074,1800,123,360,0,N
LP002683,No,0,Graduate,Male,No,Semiurban,4683,1915,185,360,1,N
LP002684,No,0,Not Graduate,Female,No,Rural,3400,0,95,360,1,N
LP002689,Yes,2,Not Graduate,Male,No,Semiurban,2192,1742,45,360,1,Y
LP002690,No,0,Graduate,Male,No,Semiurban,2500,0,55,360,1,Y
LP002692,Yes,3+,Graduate,Male,Yes,Rural,5677,1424,100,360,1,Y
LP002693,Yes,2,Graduate,Male,Yes,Rural,7948,7166,480,360,1,Y
LP002697,No,0,Graduate,Male,No,Semiurban,4680,2087,,360,1,N
LP002699,Yes,2,Graduate,Male,Yes,Rural,17500,0,400,360,1,Y
LP002705,Yes,0,Graduate,Male,No,Semiurban,3775,0,110,360,1,Y
LP002706,Yes,1,Not Graduate,Male,No,Semiurban,5285,1430,161,360,0,Y
LP002714,No,1,Not Graduate,Male,No,Semiurban,2679,1302,94,360,1,Y
LP002716,No,0,Not Graduate,Male,No,Semiurban,6783,0,130,360,1,Y
LP002717,Yes,0,Graduate,Male,No,Rural,1025,5500,216,360,,Y
LP002720,Yes,3+,Graduate,Male,No,Urban,4281,0,100,360,1,Y
LP002723,No,2,Graduate,Male,No,Rural,3588,0,110,360,0,N
LP002729,No,1,Graduate,Male,No,Semiurban,11250,0,196,360,,N
LP002731,No,0,Not Graduate,Female,Yes,Urban,18165,0,125,360,1,Y
LP002732,No,0,Not Graduate,Male,,Rural,2550,2042,126,360,1,Y
LP002734,Yes,0,Graduate,Male,No,Urban,6133,3906,324,360,1,Y
LP002738,No,2,Graduate,Male,No,Semiurban,3617,0,107,360,1,Y
LP002739,Yes,0,Not Graduate,Male,No,Rural,2917,536,66,360,1,N
LP002740,Yes,3+,Graduate,Male,No,Rural,6417,0,157,180,1,Y
LP002741,Yes,1,Graduate,Female,No,Semiurban,4608,2845,140,180,1,Y
LP002743,No,0,Graduate,Female,No,Semiurban,2138,0,99,360,0,N
LP002753,No,1,Graduate,Female,,Semiurban,3652,0,95,360,1,Y
LP002755,Yes,1,Not Graduate,Male,No,Urban,2239,2524,128,360,1,Y
LP002757,Yes,0,Not Graduate,Female,No,Semiurban,3017,663,102,360,,Y
LP002767,Yes,0,Graduate,Male,No,Rural,2768,1950,155,360,1,Y
LP002768,No,0,Not Graduate,Male,No,Semiurban,3358,0,80,36,1,N
LP002772,No,0,Graduate,Male,No,Rural,2526,1783,145,360,1,Y
LP002776,No,0,Graduate,Female,No,Semiurban,5000,0,103,360,0,N
LP002777,Yes,0,Graduate,Male,No,Rural,2785,2016,110,360,1,Y
LP002778,Yes,2,Graduate,Male,Yes,Rural,6633,0,,360,0,N
LP002784,Yes,1,Not Graduate,Male,No,Rural,2492,2375,,360,1,Y
LP002785,Yes,1,Graduate,Male,No,Urban,3333,3250,158,360,1,Y
LP002788,Yes,0,Not Graduate,Male,No,Urban,2454,2333,181,360,0,N
LP002789,Yes,0,Graduate,Male,No,Rural,3593,4266,132,180,0,N
LP002792,Yes,1,Graduate,Male,No,Semiurban,5468,1032,26,360,1,Y
LP002794,No,0,Graduate,Female,No,Urban,2667,1625,84,360,,Y
LP002795,Yes,3+,Graduate,Male,Yes,Semiurban,10139,0,260,360,1,Y
LP002798,Yes,0,Graduate,Male,No,Semiurban,3887,2669,162,360,1,Y
LP002804,Yes,0,Graduate,Female,No,Semiurban,4180,2306,182,360,1,Y
LP002807,Yes,2,Not Graduate,Male,No,Semiurban,3675,242,108,360,1,Y
LP002813,Yes,1,Graduate,Female,Yes,Semiurban,19484,0,600,360,1,Y
LP002820,Yes,0,Graduate,Male,No,Rural,5923,2054,211,360,1,Y
LP002821,No,0,Not Graduate,Male,Yes,Semiurban,5800,0,132,360,1,Y
LP002832,Yes,2,Graduate,Male,No,Urban,8799,0,258,360,0,N
LP002833,Yes,0,Not Graduate,Male,No,Rural,4467,0,120,360,,Y
LP002836,No,0,Graduate,Male,No,Urban,3333,0,70,360,1,Y
LP002837,Yes,3+,Graduate,Male,No,Rural,3400,2500,123,360,0,N
LP002840,No,0,Graduate,Female,No,Urban,2378,0,9,360,1,N
LP002841,Yes,0,Graduate,Male,No,Urban,3166,2064,104,360,0,N
LP002842,Yes,1,Graduate,Male,No,Urban,3417,1750,186,360,1,Y
LP002847,Yes,,Graduate,Male,No,Urban,5116,1451,165,360,0,N
LP002855,Yes,2,Graduate,Male,No,Urban,16666,0,275,360,1,Y
LP002862,Yes,2,Not Graduate,Male,No,Semiurban,6125,1625,187,480,1,N
LP002863,Yes,3+,Graduate,Male,No,Semiurban,6406,0,150,360,1,N
LP002868,Yes,2,Graduate,Male,No,Urban,3159,461,108,84,1,Y
LP002872,Yes,0,Graduate,,No,Semiurban,3087,2210,136,360,0,N
LP002874,No,0,Graduate,Male,No,Urban,3229,2739,110,360,1,Y
LP002877,Yes,1,Graduate,Male,No,Rural,1782,2232,107,360,1,Y
LP002888,No,0,Graduate,Male,,Urban,3182,2917,161,360,1,Y
LP002892,Yes,2,Graduate,Male,No,Semiurban,6540,0,205,360,1,Y
LP002893,No,0,Graduate,Male,No,Urban,1836,33837,90,360,1,N
LP002894,Yes,0,Graduate,Female,No,Semiurban,3166,0,36,360,1,Y
LP002898,Yes,1,Graduate,Male,No,Rural,1880,0,61,360,,N
LP002911,Yes,1,Graduate,Male,No,Rural,2787,1917,146,360,0,N
LP002912,Yes,1,Graduate,Male,No,Rural,4283,3000,172,84,1,N
LP002916,Yes,0,Graduate,Male,No,Urban,2297,1522,104,360,1,Y
LP002917,No,0,Not Graduate,Female,No,Semiurban,2165,0,70,360,1,Y
LP002925,No,0,Graduate,,No,Semiurban,4750,0,94,360,1,Y
LP002926,Yes,2,Graduate,Male,Yes,Semiurban,2726,0,106,360,0,N
LP002928,Yes,0,Graduate,Male,No,Semiurban,3000,3416,56,180,1,Y
LP002931,Yes,2,Graduate,Male,Yes,Semiurban,6000,0,205,240,1,N
LP002933,No,3+,Graduate,,Yes,Semiurban,9357,0,292,360,1,Y
LP002936,Yes,0,Graduate,Male,No,Rural,3859,3300,142,180,1,Y
LP002938,Yes,0,Graduate,Male,Yes,Urban,16120,0,260,360,1,Y
LP002940,No,0,Not Graduate,Male,No,Rural,3833,0,110,360,1,Y
LP002941,Yes,2,Not Graduate,Male,Yes,Rural,6383,1000,187,360,1,N
LP002943,No,,Graduate,Male,No,Semiurban,2987,0,88,360,0,N
LP002945,Yes,0,Graduate,Male,Yes,Rural,9963,0,180,360,1,Y
LP002948,Yes,2,Graduate,Male,No,Urban,5780,0,192,360,1,Y
LP002949,No,3+,Graduate,Female,,Urban,416,41667,350,180,,N
LP002950,Yes,0,Not Graduate,Male,,Rural,2894,2792,155,360,1,Y
LP002953,Yes,3+,Graduate,Male,No,Urban,5703,0,128,360,1,Y
LP002958,No,0,Graduate,Male,No,Rural,3676,4301,172,360,1,Y
LP002959,Yes,1,Graduate,Female,No,Semiurban,12000,0,496,360,1,Y
LP002960,Yes,0,Not Graduate,Male,No,Urban,2400,3800,,180,1,N
LP002961,Yes,1,Graduate,Male,No,Semiurban,3400,2500,173,360,1,Y
LP002964,Yes,2,Not Graduate,Male,No,Rural,3987,1411,157,360,1,Y
LP002974,Yes,0,Graduate,Male,No,Rural,3232,1950,108,360,1,Y
LP002978,No,0,Graduate,Female,No,Rural,2900,0,71,360,1,Y
LP002979,Yes,3+,Graduate,Male,No,Rural,4106,0,40,180,1,Y
LP002983,Yes,1,Graduate,Male,No,Urban,8072,240,253,360,1,Y
LP002984,Yes,2,Graduate,Male,No,Urban,7583,0,187,360,1,Y
LP002990,No,0,Graduate,Female,Yes,Semiurban,4583,0,133,360,0,N
